workload,machines,thresTemp,envTemp,acPower
640,2,22,25,733.8943345219
640,3,22,25,850.1767759399
640,4,22,25,903.455079354
640,5,22,25,999.5885478571
640,6,22,25,1095.5845160689
640,7,22,25,1191.254212403
640,8,22,25,1287.0248976516
640,9,22,25,1382.6169102053
640,10,22,25,1478.208922759
640,11,22,25,1574.3447217755
640,12,22,25,1670.4183737678
640,13,22,25,1766.313353065
640,14,22,25,1862.2083323623
640,15,22,25,1958.1110800376
640,16,22,25,2054.2391106761
640,17,22,25,2150.3671413146
640,18,22,25,2248.033310805
640,19,22,25,2345.6917119175
640,20,22,25,2443.3578814079
640,21,22,25,2541.0162825204
640,22,22,25,2657.2781456386
640,23,22,25,2753.1764076032
640,24,22,25,2849.0746695677
640,25,22,25,2945.2042127445
640,26,22,25,3042.8670646988
640,27,22,25,3145.7808567684
640,28,22,25,3248.694648838
640,29,22,25,3513.4881575453
640,30,22,25,3616.401949615
640,31,22,25,3719.3157416846
640,32,22,25,3784.9589130486
640,33,22,25,3890.7508059692
640,34,22,25,3996.5426988899
640,35,22,25,4263.0157231972
640,36,22,25,4529.4809791264
640,37,22,25,4625.0729916801
640,38,22,25,4723.1897270969
640,39,22,25,4819.0847063942
640,40,22,25,5086.7695976757
640,41,22,25,5354.4467205792
640,42,22,25,5622.1238434827
640,43,22,25,5889.8009663862
640,44,22,25,5985.9367654028
640,45,22,25,6256.457114669
640,46,22,25,6526.9696955573
640,47,22,25,6797.4900448235
640,48,22,25,7072.9899244137
640,49,22,25,7348.4820356258
640,50,22,25,7444.0740481795
640,51,22,25,7540.209847196
640,52,22,25,7636.3378778345
640,53,22,25,7732.465908473
640,54,22,25,7830.1320779635
640,55,22,25,7953.9077660475
640,56,22,25,8049.7794402107
640,57,22,25,8152.7203383906
640,58,22,25,8255.58355279
640,59,22,25,8482.4300807135
640,60,22,25,8597.3342810755
640,61,22,25,8712.2384814375
640,62,22,25,8827.1426817995
640,63,22,25,9053.9115259425
640,64,22,25,9280.6803700855
640,65,22,25,9386.4955681403
640,66,22,25,9489.3587825398
640,67,22,25,9592.2996807197
640,68,22,25,9819.0685248627
640,69,22,25,9967.866812953
640,70,22,25,10073.6724516258
640,71,22,25,10179.39497307
640,72,22,25,10294.3435068821
640,73,22,25,10390.2581953587
640,74,22,25,10486.0897666068
640,75,22,25,10582.2538067691
640,76,22,25,10697.1192233526
640,77,22,25,10812.0677571647
640,78,22,25,10926.9331737483
640,79,22,25,11191.7420706164
640,80,22,25,11456.5509674845
640,81,22,25,11721.3598643527
640,82,22,25,11987.8311057916
640,83,22,25,12252.6400026598
640,84,22,25,12517.4488995279
640,85,22,25,12785.0837821664
640,86,22,25,13052.8017820334
640,87,22,25,13323.2626504422
640,88,22,25,13593.8066360795
640,89,22,25,13864.3506217169
640,90,22,25,14134.8114901257
640,91,22,25,14405.355475763
640,92,22,25,14675.8994614004
640,93,22,25,14942.3707028393
640,94,22,25,15210.0055854778
640,95,22,25,15477.7235853448
640,96,22,25,15750.6779706097
640,97,22,25,16021.2219562471
640,98,22,25,16291.6828246559
640,99,22,25,16567.2138440056
640,100,22,25,16840.2513464991
640,101,22,25,17113.2057317641
640,102,22,25,17219.0113704369
640,103,22,25,17324.8170091096
640,104,22,25,17591.2882505486
640,105,22,25,17857.7594919875
640,106,22,25,18124.2307334264
640,107,22,25,18394.6916018352
640,108,22,25,18670.2226211849
640,109,22,25,18937.8575038234
640,110,22,25,19210.8950063169
640,111,22,25,19481.3558747257
640,112,22,25,19751.8998603631
640,113,22,25,20022.4438460004
640,114,22,25,20292.9047144092
640,115,22,25,20560.6227142762
640,116,22,25,20828.2575969147
640,117,22,25,21103.7886162644
640,118,22,25,21379.3196356141
640,119,22,25,21654.7675377352
640,120,22,25,21930.2985570849
640,121,22,25,22205.7464592061
640,122,22,25,22481.2774785558
640,123,22,25,22756.7253806769
640,124,22,25,22871.673914489
640,125,22,25,22967.5054857371
640,126,22,25,23063.4201742137
640,127,22,25,23159.584214376
640,128,22,25,23257.2443646519
640,129,22,25,23352.8265842144
640,130,22,25,23448.741272691
640,131,22,25,23544.6559611676
640,132,22,25,23640.7368841013
640,133,22,25,23736.9009242636
640,134,22,25,23843.9533213645
640,135,22,25,23939.5355409269
640,136,22,25,24078.0893676441
640,137,22,25,24174.2534078064
640,138,22,25,24271.9135580823
640,139,22,25,24367.8282465589
640,140,22,25,24463.9091694927
640,141,22,25,24566.8888223951
640,142,22,25,24672.6113438394
640,143,22,25,24770.2714941153
640,144,22,25,24867.9316443912
640,145,22,25,24970.9112972937
640,146,22,25,25073.8078329676
640,147,22,25,25176.7043686415
640,148,22,25,25279.6009043154
640,149,22,25,25375.1831238779
640,150,22,25,25471.3471640402
640,151,22,25,25567.5112042024
640,152,22,25,25663.5921271361
640,153,22,25,25759.7561672984
640,154,22,25,25865.5618059711
640,155,22,25,25968.4583416451
640,156,22,25,26071.354877319
640,157,22,25,26166.9370968814
640,158,22,25,26262.8517853581
640,159,22,25,26361.5093423765
640,160,22,25,26476.37475896
640,161,22,25,26579.3544118625
640,162,22,25,26685.0769333067
640,163,22,25,26862.6958574373
640,164,22,25,26977.5612740209
640,165,22,25,27080.5409269233
640,166,22,25,27422.8981980185
640,167,22,25,27538.677904116
640,168,22,25,27881.0351752111
640,169,22,25,28223.4755635348
640,170,22,25,28565.9159518585
640,171,22,25,28908.3563401822
640,172,22,25,29085.9752643128
640,173,22,25,29263.5110712148
640,174,22,25,29441.1299953454
640,175,22,25,29618.6658022475
640,176,22,25,29885.1370436864
640,177,22,25,30151.6082851253
640,178,22,25,30418.0795265643
640,179,22,25,30684.5507680032
640,180,22,25,30862.0865749052
640,181,22,25,31039.7054990358
640,182,22,25,31312.6598843008
640,183,22,25,31490.2788084314
640,184,22,25,31667.8146153335
640,185,22,25,31845.4335394641
640,186,22,25,32022.9693463661
640,187,22,25,32200.5882704967
640,188,22,25,32378.1240773988
640,189,22,25,32555.7430015294
640,190,22,25,32733.2788084314
640,191,22,25,32910.897732562
640,192,22,25,33088.4335394641
640,193,22,25,33184.3482279407
640,194,22,25,33280.2629164173
640,195,22,25,33376.4269565796
640,196,22,25,33472.5078795133
640,197,22,25,33568.6719196755
640,198,22,25,33666.3320699515
640,199,22,25,33769.2286056254
640,200,22,25,33866.8887559013
640,201,22,25,33972.6943945741
640,202,22,25,34075.590930248
640,203,22,25,34181.3965689208
640,204,22,25,34287.2022075936
640,205,22,25,34402.0676241771
640,206,22,25,34517.0161579892
640,207,22,25,34694.5519648913
640,208,22,25,34872.1708890219
640,209,22,25,35049.7066959239
640,210,22,25,35227.242502826
1280,2,22,25,782.0247781413
1280,3,22,25,942.8198511482
1280,4,22,25,990.6963547028
1280,5,22,25,1111.3548270817
1280,6,22,25,1172.1031636597
1280,7,22,25,1267.8851255559
1280,8,22,25,1352.9156940048
1280,9,22,25,1448.5073313783
1280,10,22,25,1544.2310306656
1280,11,22,25,1640.4363675205
1280,12,22,25,1736.4630323746
1280,13,22,25,1832.4197820979
1280,14,22,25,1928.4464469519
1280,15,22,25,2024.3410498922
1280,16,22,25,2120.4725874425
1280,17,22,25,2216.6041249927
1280,18,22,25,2314.2660270727
1280,19,22,25,2411.9279291527
1280,20,22,25,2509.5898312327
1280,21,22,25,2607.2478491387
1280,22,22,25,2704.9097512187
1280,23,22,25,2801.1772348566
1280,24,22,25,2897.0757219708
1280,25,22,25,2993.5801402187
1280,26,22,25,3091.2381581247
1280,27,22,25,3193.6504049251
1280,28,22,25,3296.563710163
1280,29,22,25,3572.0547474316
1280,30,22,25,3675.3953118021
1280,31,22,25,3778.3086170399
1280,32,22,25,3883.6728360296
1280,33,22,25,3989.464314152
1280,34,22,25,4095.2480239265
1280,35,22,25,4371.9276184188
1280,36,22,25,4638.3918354664
1280,37,22,25,4733.9912411878
1280,38,22,25,4859.2564052047
1280,39,22,25,4955.1375352276
1280,40,22,25,5222.8092101318
1280,41,22,25,5490.5237148902
1280,42,22,25,5758.1953897945
1280,43,22,25,6025.8670646988
1280,44,22,25,6122.0051738464
1280,45,22,25,6392.5036191227
1280,46,22,25,6663.0448942531
1280,47,22,25,6933.5433395294
1280,48,22,25,7209.0528777379
1280,49,22,25,7484.5195860923
1280,50,22,25,7580.1437369904
1280,51,22,25,7676.281846138
1280,52,22,25,7772.3771254315
1280,53,22,25,7868.5152345791
1280,54,22,25,7966.1952184751
1280,55,22,25,8069.0576147198
1280,56,22,25,8168.8427726299
1280,57,22,25,8271.7845889612
1280,58,22,25,8374.6839973707
1280,59,22,25,8601.4569453574
1280,60,22,25,8716.3577956362
1280,61,22,25,8831.2586459151
1280,62,22,25,8946.1594961939
1280,63,22,25,9172.9748521024
1280,64,22,25,9399.7478000891
1280,65,22,25,9505.5309471809
1280,66,22,25,9608.4303555904
1280,67,22,25,9711.3721719217
1280,68,22,25,9938.1451199084
1280,69,22,25,10024.3194150434
1280,70,22,25,10146.99151308
1280,71,22,25,10252.8062962459
1280,72,22,25,10367.7100464159
1280,73,22,25,10463.6201860519
1280,74,22,25,10559.4914839487
1280,75,22,25,10655.6346740207
1280,76,22,25,10770.5384241906
1280,77,22,25,10885.4421743606
1280,78,22,25,11000.3459245305
1280,79,22,25,11265.1399467868
1280,80,22,25,11529.9339690431
1280,81,22,25,11794.7279912995
1280,82,22,25,12061.1922083471
1280,83,22,25,12325.9862306034
1280,84,22,25,12590.7802528597
1280,85,22,25,12858.487405566
1280,86,22,25,13126.155716533
1280,87,22,25,13396.6594744713
1280,88,22,25,13667.2020741489
1280,89,22,25,13937.7058320872
1280,90,22,25,14208.2095900254
1280,91,22,25,14478.7521897031
1280,92,22,25,14749.2559476413
1280,93,22,25,15015.720164689
1280,94,22,25,15283.3884756559
1280,95,22,25,15551.0956283622
1280,96,22,25,15824.0852576178
1280,97,22,25,16094.5890155561
1280,98,22,25,16365.1316152337
1280,99,22,25,16640.6071158066
1280,100,22,25,16913.5967450622
1280,101,22,25,17186.5863743178
1280,102,22,25,17296.9456409858
1280,103,22,25,17402.7604241518
1280,104,22,25,17669.2246411994
1280,105,22,25,17935.6888582471
1280,106,22,25,18202.1530752947
1280,107,22,25,18472.656833233
1280,108,22,25,18748.1711755452
1280,109,22,25,19015.8394865122
1280,110,22,25,19288.8291157678
1280,111,22,25,19559.3717154454
1280,112,22,25,19829.8754733837
1280,113,22,25,20100.379231322
1280,114,22,25,20370.9218309996
1280,115,22,25,20638.5901419666
1280,116,22,25,20906.2584529335
1280,117,22,25,21181.7727952458
1280,118,22,25,21457.2482958187
1280,119,22,25,21732.7626381309
1280,120,22,25,22008.2381387038
1280,121,22,25,22283.7524810161
1280,122,22,25,22559.227981589
1280,123,22,25,22834.7423239013
1280,124,22,25,22949.6460740712
1280,125,22,25,23045.5173719679
1280,126,22,25,23141.427511604
1280,127,22,25,23237.570701676
1280,128,22,25,23335.2287195821
1280,129,22,25,23478.0983654929
1280,130,22,25,23574.0134567352
1280,131,22,25,23669.8869891906
1280,132,22,25,23766.0514331548
1280,133,22,25,23862.174318332
1280,134,22,25,23934.6160688276
1280,135,22,25,24074.5345415858
1280,136,22,25,24197.7953146624
1280,137,22,25,24293.9597586266
1280,138,22,25,24399.3918120878
1280,139,22,25,24495.2653445431
1280,140,22,25,24591.4297885073
1280,141,22,25,24694.0774032408
1280,142,22,25,24799.8834857848
1280,143,22,25,24897.5440460804
1280,144,22,25,24995.2046063759
1280,145,22,25,25098.1431326182
1280,146,22,25,25201.0401000736
1280,147,22,25,25303.9370675289
1280,148,22,25,25379.939057311
1280,149,22,25,25475.5384630324
1280,150,22,25,25571.6816531044
1280,151,22,25,25667.7860014371
1280,152,22,25,25763.9291915092
1280,153,22,25,25860.0723815812
1280,154,22,25,25965.8483230079
1280,155,22,25,26068.7499757239
1280,156,22,25,26171.6904701793
1280,157,22,25,26267.2510341613
1280,158,22,25,26363.1611737974
1280,159,22,25,26460.8968751821
1280,160,22,25,26575.800625352
1280,161,22,25,26678.702278068
1280,162,22,25,26784.517061234
1280,163,22,25,26962.0725369482
1280,164,22,25,27129.8614762512
1280,165,22,25,27232.8000024935
1280,166,22,25,27575.2418181138
1280,167,22,25,27690.6479804507
1280,168,22,25,28033.089796071
1280,169,22,25,28375.5316116913
1280,170,22,25,28717.9734273116
1280,171,22,25,29060.4152429319
1280,172,22,25,29237.9933505941
1280,173,22,25,29415.5714582563
1280,174,22,25,29593.1495659185
1280,175,22,25,29770.7276735807
1280,176,22,25,30037.2000265976
1280,177,22,25,30303.6723796146
1280,178,22,25,30570.1447326315
1280,179,22,25,30836.5755268615
1280,180,22,25,31014.1536345237
1280,181,22,25,31191.7317421859
1280,182,22,25,31464.7288247591
1280,183,22,25,31642.3069324213
1280,184,22,25,31819.8850400834
1280,185,22,25,31997.4631477456
1280,186,22,25,32175.0412554078
1280,187,22,25,32352.61936307
1280,188,22,25,32530.1974707322
1280,189,22,25,32707.7755783944
1280,190,22,25,32885.3536860566
1280,191,22,25,33062.9317937188
1280,192,22,25,33240.509901381
1280,193,22,25,33336.4249926233
1280,194,22,25,33432.2985250787
1280,195,22,25,33528.4214102559
1280,196,22,25,33624.5858542201
1280,197,22,25,33720.7087393973
1280,198,22,25,33818.3692996929
1280,199,22,25,33921.2662671482
1280,200,22,25,34018.9268274438
1280,201,22,25,34124.7329099878
1280,202,22,25,34227.6298774431
1280,203,22,25,34333.4359599872
1280,204,22,25,34439.2420425313
1280,205,22,25,34554.1494994244
1280,206,22,25,34669.0569563176
1280,207,22,25,34846.6350639798
1280,208,22,25,35024.2131716419
1280,209,22,25,35201.7497205172
1280,210,22,25,35393.7902860491
6400,2,22,25,837.092590476
6400,3,22,25,1019.9110277733
6400,4,22,25,1214.0105089635
6400,5,22,25,1376.654277373
6400,6,22,25,1538.4170898653
6400,7,22,25,1710.8416728902
6400,8,22,25,1883.3373094673
6400,9,22,25,2034.9080545193
6400,10,22,25,2159.9993833014
6400,11,22,25,2260.9062046035
6400,12,22,25,2355.2164347806
6400,13,22,25,2449.5732752259
6400,14,22,25,2543.6970643299
6400,15,22,25,2639.6774957857
6400,16,22,25,2750.5572604731
6400,17,22,25,2830.3565763204
6400,18,22,25,2927.8673782501
6400,19,22,25,3025.5413161186
6400,20,22,25,3121.3430748794
6400,21,22,25,3219.0092443699
6400,22,22,25,3316.7142557506
6400,23,22,25,3413.1840950228
6400,24,22,25,3509.6228607829
6400,25,22,25,3606.2946778842
6400,26,22,25,3704.6833065324
6400,27,22,25,3821.8568448666
6400,28,22,25,3908.2734313703
6400,29,22,25,4176.75846559
6400,30,22,25,4279.9790253793
6400,31,22,25,4383.1607432784
6400,32,22,25,4489.0070148454
6400,33,22,25,4594.7600658759
6400,34,22,25,4700.5519587965
6400,35,22,25,4970.3032386368
6400,36,22,25,5240.4507057572
6400,37,22,25,5336.9671552977
6400,38,22,25,5434.9829017999
6400,39,22,25,5547.0686461971
6400,40,22,25,5801.5691346804
6400,41,22,25,6086.0367092808
6400,42,22,25,6338.7023390586
6400,43,22,25,6623.1953825003
6400,44,22,25,6703.7038228188
6400,45,22,25,6991.0615350579
6400,46,22,25,7246.5157115446
6400,47,22,25,7532.6923247104
6400,48,22,25,7793.110800376
6400,49,22,25,8070.4517855617
6400,50,22,25,8167.7217677721
6400,51,22,25,8265.5355364454
6400,52,22,25,8363.5046726794
6400,53,22,25,8461.3184413526
6400,54,22,25,8560.7635694143
6400,55,22,25,8664.7920405199
6400,56,22,25,8767.1114684565
6400,57,22,25,8869.974682856
6400,58,22,25,8972.9155810358
6400,59,22,25,9204.3454520031
6400,60,22,25,9319.2496523651
6400,61,22,25,9434.1538527271
6400,62,22,25,9547.3490099202
6400,63,22,25,9779.0119322287
6400,64,22,25,10010.9855896587
6400,65,22,25,10117.9660444196
6400,66,22,25,10220.9069425995
6400,67,22,25,10323.8478407793
6400,68,22,25,10554.8116090641
6400,69,22,25,10668.7836040613
6400,70,22,25,10781.512658572
6400,71,22,25,10887.2501728464
6400,72,22,25,11002.1543732084
6400,73,22,25,11099.65740676
6400,74,22,25,11195.6067647036
6400,75,22,25,11291.711490208
6400,76,22,25,11407.5478959348
6400,77,22,25,11523.6950367833
6400,78,22,25,11638.5992371453
6400,79,22,25,11908.3272118514
6400,80,22,25,12178.0551865576
6400,81,22,25,12448.016212605
6400,82,22,25,12718.3656575544
6400,83,22,25,12986.6176404329
6400,84,22,25,13256.5786664802
6400,85,22,25,13529.3363086221
6400,86,22,25,13802.0162669836
6400,87,22,25,14076.2499009532
6400,88,22,25,14351.7264754092
6400,89,22,25,14627.2030498652
6400,90,22,25,14899.3392217639
6400,91,22,25,15174.5050610983
6400,92,22,25,15448.7386950679
6400,93,22,25,15719.1658237976
6400,94,22,25,15992.0788335004
6400,95,22,25,16263.2051162538
6400,96,22,25,16558.6674357232
6400,97,22,25,16811.9831193145
6400,98,22,25,17161.3387080654
6400,99,22,25,17417.373892484
6400,100,22,25,17674.9930063184
6400,101,22,25,17933.3074540541
6400,102,22,25,18022.9673339703
6400,103,22,25,18128.7048482447
6400,104,22,25,18400.8410201434
6400,105,22,25,18748.018955925
6400,106,22,25,18995.2977673787
6400,107,22,25,19269.5916732797
6400,108,22,25,19525.8653354556
6400,109,22,25,19793.519172334
6400,110,22,25,20066.4785607486
6400,111,22,25,20319.0502520504
6400,112,22,25,20571.7156929005
6400,113,22,25,20842.2981891911
6400,114,22,25,21112.8030017013
6400,115,22,25,21494.8509521077
6400,116,22,25,21763.5077136567
6400,117,22,25,22042.9575984444
6400,118,22,25,22318.9810949024
6400,119,22,25,22595.0045913604
6400,120,22,25,22870.5141295689
6400,121,22,25,23146.7089454433
6400,122,22,25,23422.2184836518
6400,123,22,25,23697.6423621521
6400,124,22,25,23812.5399474049
6400,125,22,25,23908.5067371361
6400,126,22,25,24004.3878671589
6400,127,22,25,24100.5259763065
6400,128,22,25,24206.1723130691
6400,129,22,25,24310.1054556668
6400,130,22,25,24413.7816191398
6400,131,22,25,24517.886081154
6400,132,22,25,24614.0241903016
6400,133,22,25,24717.7003537746
6400,134,22,25,24825.2312041185
6400,135,22,25,24928.5647287585
6400,136,22,25,25039.9502659734
6400,137,22,25,25136.088375121
6400,138,22,25,25242.0773507165
6400,139,22,25,25338.0441404477
6400,140,22,25,25434.096589887
6400,141,22,25,25548.8228557234
6400,142,22,25,25662.5212050608
6400,143,22,25,25760.2011889568
6400,144,22,25,25865.9331854276
6400,145,22,25,25968.8384115264
6400,146,22,25,26071.7436376252
6400,147,22,25,26174.648863724
6400,148,22,25,26285.2634635646
6400,149,22,25,26389.7962241201
6400,150,22,25,26494.7572832167
6400,151,22,25,26603.487369476
6400,152,22,25,26712.2174557353
6400,153,22,25,26816.7502162908
6400,154,22,25,26930.9625238776
6400,155,22,25,27042.7763596337
6400,156,22,25,27154.3332162651
6400,157,22,25,27249.9573671632
6400,158,22,25,27345.8384971861
6400,159,22,25,27443.0045228326
6400,160,22,25,27557.9877677937
6400,161,22,25,27669.9729229662
6400,162,22,25,27775.7905791453
6400,163,22,25,27953.391070832
6400,164,22,25,28080.1953555306
6400,165,22,25,28196.0351975741
6400,166,22,25,28538.4449679204
6400,167,22,25,28661.9085239976
6400,168,22,25,29004.4039540521
6400,169,22,25,29351.2680292271
6400,170,22,25,29694.1917578229
6400,171,22,25,30036.6015281692
6400,172,22,25,30214.2020198559
6400,173,22,25,30391.7168518344
6400,174,22,25,30569.3173435211
6400,175,22,25,30746.9178352079
6400,176,22,25,31005.3917372756
6400,177,22,25,31271.8149580587
6400,178,22,25,31538.3229943258
6400,179,22,25,31804.746215109
6400,180,22,25,31982.3676242335
6400,181,22,25,32159.904217874
6400,182,22,25,32432.9430464025
6400,183,22,25,32610.4796400431
6400,184,22,25,32788.1010491675
6400,185,22,25,32948.0935803045
6400,186,22,25,33108.7643435079
6400,187,22,25,33286.2758747638
6400,188,22,25,33447.9393237833
6400,189,22,25,33625.4791716909
6400,190,22,25,33788.2716771227
6400,191,22,25,33954.9264179232
6400,192,22,25,34132.5214290708
6400,193,22,25,34388.0435922255
6400,194,22,25,34500.6283653558
6400,195,22,25,34596.6808147951
6400,196,22,25,34709.4369073419
6400,197,22,25,34822.1929998886
6400,198,22,25,34937.1762448497
6400,199,22,25,35041.5759819513
6400,200,22,25,35139.2163897441
6400,201,22,25,35233.0397108305
6400,202,22,25,35335.897524736
6400,203,22,25,35441.6703534664
6400,204,22,25,35547.5264683346
6400,205,22,25,35662.3774860912
6400,206,22,25,35777.3117899857
6400,207,22,25,35954.8772695473
6400,208,22,25,36132.4427491088
6400,209,22,25,36310.0082286704
6400,210,22,25,36476.7288702723
12800,2,22,25,854.1383679789
12800,3,22,25,1038.6222951325
12800,4,22,25,1234.1464566608
12800,5,22,25,1420.1936394238
12800,6,22,25,1597.4876985202
12800,7,22,25,1758.0642802591
12800,8,22,25,1961.0466104698
12800,9,22,25,2137.8541090754
12800,10,22,25,2320.8649824367
12800,11,22,25,2462.7435966397
12800,12,22,25,2652.2654401232
12800,13,22,25,2853.1393685427
12800,14,22,25,2990.8898272648
12800,15,22,25,3141.4375472243
12800,16,22,25,3317.4135922864
12800,17,22,25,3469.3954222376
12800,18,22,25,3627.148617751
12800,19,22,25,3783.9095071807
12800,20,22,25,3908.0343922598
12800,21,22,25,3991.2644734031
12800,22,22,25,4088.3320968713
12800,23,22,25,4185.3298052087
12800,24,22,25,4281.5895204987
12800,25,22,25,4378.9368044901
12800,26,22,25,4476.7113476142
12800,27,22,25,4579.1468994582
12800,28,22,25,4682.2039191315
12800,29,22,25,4949.4449709658
12800,30,22,25,5053.2399836865
12800,31,22,25,5156.6854207531
12800,32,22,25,5276.2412158722
12800,33,22,25,5381.355830624
12800,34,22,25,5472.6926258958
12800,35,22,25,5741.3708220854
12800,36,22,25,6010.4374356684
12800,37,22,25,6122.273375377
12800,38,22,25,6207.0740906178
12800,39,22,25,6304.5767415665
12800,40,22,25,6573.6045134101
12800,41,22,25,6842.4380765571
12800,42,22,25,7111.9319492727
12800,43,22,25,7381.4258219883
12800,44,22,25,7479.8218329417
12800,45,22,25,7751.2966343633
12800,46,22,25,8036.5371146539
12800,47,22,25,8293.6636111165
12800,48,22,25,8584.656586627
12800,49,22,25,8846.8674331437
12800,50,22,25,8945.0692354004
12800,51,22,25,9058.0168044185
12800,52,22,25,9156.7465235614
12800,53,22,25,9253.8310548788
12800,54,22,25,9352.4432606056
12800,55,22,25,9446.7985667398
12800,56,22,25,9555.6041638345
12800,57,22,25,9659.7487522091
12800,58,22,25,9762.6504049251
12800,59,22,25,9994.5454739663
12800,60,22,25,10109.4103823969
12800,61,22,25,10224.2752908275
12800,62,22,25,10339.2955662155
12800,63,22,25,10571.928628304
12800,64,22,25,10806.1153599658
12800,65,22,25,10913.0565535725
12800,66,22,25,11022.9497193684
12800,67,22,25,11132.6098347284
12800,68,22,25,11366.2139403002
12800,69,22,25,11484.4192383135
12800,70,22,25,11603.9451554641
12800,71,22,25,11711.0805577674
12800,72,22,25,11927.1313684986
12800,73,22,25,12009.2377650732
12800,74,22,25,12091.5859241544
12800,75,22,25,12174.3688237169
12800,76,22,25,12274.1679012346
12800,77,22,25,12371.1213521877
12800,78,22,25,12471.3991182925
12800,79,22,25,12754.8003838772
12800,80,22,25,13007.3183663164
12800,81,22,25,13290.8943162678
12800,82,22,25,13545.179701307
12800,83,22,25,13844.3728395062
12800,84,22,25,14093.6838105684
12800,85,22,25,14352.0688081412
12800,86,22,25,14686.1495608835
12800,87,22,25,14943.3299330571
12800,88,22,25,15200.8740740741
12800,89,22,25,15458.6552156371
12800,90,22,25,15713.3658309219
12800,91,22,25,16001.6432684398
12800,92,22,25,16256.7815346371
12800,93,22,25,16542.3985663363
12800,94,22,25,16797.944417471
12800,95,22,25,17183.4275691292
12800,96,22,25,17435.5797762461
12800,97,22,25,17689.247820622
12800,98,22,25,17939.8502381479
12800,99,22,25,18195.5553076187
12800,100,22,25,18449.3185185185
12800,101,22,25,18703.3828587097
12800,102,22,25,18789.9832592103
12800,103,22,25,18914.2388264327
12800,104,22,25,19162.5341515993
12800,105,22,25,19433.1932764949
12800,106,22,25,19702.6483074712
12800,107,22,25,19977.0750810821
12800,108,22,25,20256.395913849
12800,109,22,25,20528.2202909246
12800,110,22,25,20805.1717775922
12800,111,22,25,21078.6663494591
12800,112,22,25,21350.1799926201
12800,113,22,25,21623.1696218757
12800,114,22,25,21894.6444232973
12800,115,22,25,22165.4977568896
12800,116,22,25,22437.5551844012
12800,117,22,25,22716.7206502107
12800,118,22,25,22994.5266551436
12800,119,22,25,23272.5268687732
12800,120,22,25,23551.8865432794
12800,121,22,25,23828.5272960323
12800,122,22,25,24108.3142296712
12800,123,22,25,24388.1400050494
12800,124,22,25,24505.0635256647
12800,125,22,25,24600.9736653007
12800,126,22,25,24696.8449631975
12800,127,22,25,24792.9881532695
12800,128,22,25,24901.5995416675
12800,129,22,25,25007.1035909188
12800,130,22,25,25110.8986036395
12800,131,22,25,25216.2472859335
12800,132,22,25,25312.3516342662
12800,133,22,25,25419.2928278728
12800,134,22,25,25526.0786545222
12800,135,22,25,25632.8644811715
12800,136,22,25,25741.5535530481
12800,137,22,25,25837.6967431202
12800,138,22,25,25946.5411819541
12800,139,22,25,26042.4513215902
12800,140,22,25,26138.5945116622
12800,141,22,25,26252.6437435668
12800,142,22,25,26368.1689615661
12800,143,22,25,26465.8269794721
12800,144,22,25,26573.3119574295
12800,145,22,25,26676.2524518848
12800,146,22,25,26779.1541046008
12800,147,22,25,26882.0557573168
12800,148,22,25,26996.1438309608
12800,149,22,25,27103.4734419607
12800,150,22,25,27211.307995572
12800,151,22,25,27318.0161387427
12800,152,22,25,27425.850692354
12800,153,22,25,27533.6852459653
12800,154,22,25,27647.5014274339
12800,155,22,25,27761.6283428172
12800,156,22,25,27874.8618981958
12800,157,22,25,27970.4613039172
12800,158,22,25,28066.3714435532
12800,159,22,25,28163.40799363
12800,160,22,25,28278.3117437999
12800,161,22,25,28391.8171913538
12800,162,22,25,28497.5931327805
12800,163,22,25,28675.187450234
12800,164,22,25,28801.3164630712
12800,165,22,25,28914.5888601892
12800,166,22,25,29278.5959497043
12800,167,22,25,29383.4284243848
12800,168,22,25,29904.5036769341
12800,169,22,25,30226.3124284257
12800,170,22,25,30549.1209244738
12800,171,22,25,30891.5381758151
12800,172,22,25,31069.1184482047
12800,173,22,25,31246.6987205943
12800,174,22,25,31424.2789929839
12800,175,22,25,31601.8592653735
12800,176,22,25,31853.6469842309
12800,177,22,25,32109.3086404736
12800,178,22,25,32365.1256657087
12800,179,22,25,32617.3882690469
12800,180,22,25,32772.0444444444
12800,181,22,25,32949.6518518518
12800,182,22,25,33212.6919189941
12800,183,22,25,33390.2339692115
12800,184,22,25,33567.8151905676
12800,185,22,25,33733.7646384805
12800,186,22,25,33922.3511681653
12800,187,22,25,34099.9454856188
12800,188,22,25,34490.3106804351
12800,189,22,25,34667.890439134
12800,190,22,25,34832.2032188931
12800,191,22,25,35000.3646490516
12800,192,22,25,35177.9725154601
12800,193,22,25,35262.7284358234
12800,194,22,25,35353.1239236701
12800,195,22,25,35449.2748450698
12800,196,22,25,35540.2133560394
12800,197,22,25,35625.6931811331
12800,198,22,25,35718.6066305387
12800,199,22,25,35811.1777777778
12800,200,22,25,35908.824691358
12800,201,22,25,36010.0967918837
12800,202,22,25,36112.9786517294
12800,203,22,25,36208.9382027927
12800,204,22,25,36314.7529859587
12800,205,22,25,36657.2338372808
12800,206,22,25,36772.1346875596
12800,207,22,25,36949.7144462586
12800,208,22,25,37127.2942049575
12800,209,22,25,37304.8315557346
12800,210,22,25,37475.8583014666
64000,2,22,25,856.4918226241
64000,3,22,25,1046.2210411327
64000,4,22,25,1241.1136794339
64000,5,22,25,1429.4628422585
64000,6,22,25,1624.188293431
64000,7,22,25,1814.866084144
64000,8,22,25,2000.7907409395
64000,9,22,25,2188.3020880573
64000,10,22,25,2394.0467413298
64000,11,22,25,2572.1784672401
64000,12,22,25,2761.078614791
64000,13,22,25,2963.312459163
64000,14,22,25,3145.0138787436
64000,15,22,25,3334.3852751966
64000,16,22,25,3534.2988834129
64000,17,22,25,3697.9617629562
64000,18,22,25,3917.1217724982
64000,19,22,25,4093.1035256275
64000,20,22,25,4272.5084626121
64000,21,22,25,4459.3466761599
64000,22,22,25,4651.3140431677
64000,23,22,25,4847.3999167888
64000,24,22,25,5050.1275761488
64000,25,22,25,5263.1674806241
64000,26,22,25,5389.9663229039
64000,27,22,25,5613.1650184283
64000,28,22,25,5853.8992004688
64000,29,22,25,6292.2033884229
64000,30,22,25,6429.5951635539
64000,31,22,25,6686.948011028
64000,32,22,25,6827.5796204318
64000,33,22,25,7103.9543389109
64000,34,22,25,7241.9601643838
64000,35,22,25,7728.8765874191
64000,36,22,25,8099.6952136003
64000,37,22,25,8377.2502859722
64000,38,22,25,8529.5048671485
64000,39,22,25,8676.1030777876
64000,40,22,25,9200.3472622968
64000,41,22,25,9574.750993389
64000,42,22,25,10104.4118371811
64000,43,22,25,10497.4036844327
64000,44,22,25,10650.6340796986
64000,45,22,25,11190.9902682066
64000,46,22,25,11584.3044473393
64000,47,22,25,11985.2312101199
64000,48,22,25,12566.5945444006
64000,49,22,25,12946.3546070818
64000,50,22,25,13092.8334065121
64000,51,22,25,13249.1757821607
64000,52,22,25,13420.0793736883
64000,53,22,25,13580.2604634004
64000,54,22,25,13763.3309788701
64000,55,22,25,14118.5922330097
64000,56,22,25,14330.3751195209
64000,57,22,25,14503.3618101307
64000,58,22,25,14655.458292544
64000,59,22,25,15042.0206212477
64000,60,22,25,15180.878548741
64000,61,22,25,15346.1551023912
64000,62,22,25,15542.8485516983
64000,63,22,25,15970.5249761789
64000,64,22,25,16363.8483560725
64000,65,22,25,16520.1775942832
64000,66,22,25,16723.9140510871
64000,67,22,25,16947.9682496452
64000,68,22,25,17309.7390241062
64000,69,22,25,17533.5623476192
64000,70,22,25,17769.3707850164
64000,71,22,25,17926.3972848112
64000,72,22,25,18142.2711905192
64000,73,22,25,18279.8204469561
64000,74,22,25,18439.201320383
64000,75,22,25,18526.9163085893
64000,76,22,25,18655.1208699289
64000,77,22,25,18775.0655218609
64000,78,22,25,18888.6983315065
64000,79,22,25,19209.6284927946
64000,80,22,25,19519.2995018919
64000,81,22,25,19777.6859244502
64000,82,22,25,20069.3629281696
64000,83,22,25,20355.2494214965
64000,84,22,25,20644.8664715848
64000,85,22,25,20991.1417322835
64000,86,22,25,21240.9327688819
64000,87,22,25,21537.3293486519
64000,88,22,25,21835.3361288419
64000,89,22,25,22119.3509773571
64000,90,22,25,22387.5895499779
64000,91,22,25,22665.008218944
64000,92,22,25,22958.4572371237
64000,93,22,25,23252.8442327778
64000,94,22,25,23496.7204393795
64000,95,22,25,23801.8442795454
64000,96,22,25,24104.661734227
64000,97,22,25,24328.821078717
64000,98,22,25,24609.0363637776
64000,99,22,25,24909.7331823735
64000,100,22,25,25172.185866213
64000,101,22,25,25466.4402191252
64000,102,22,25,25567.7714543181
64000,103,22,25,25705.1573573199
64000,104,22,25,25944.4798837851
64000,105,22,25,26249.0909161769
64000,106,22,25,26498.783325941
64000,107,22,25,26792.4009072911
64000,108,22,25,27078.0861770621
64000,109,22,25,27322.0958074064
64000,110,22,25,27612.3530281454
64000,111,22,25,27866.2127836429
64000,112,22,25,28146.7388038251
64000,113,22,25,28423.92442145
64000,114,22,25,28721.1760549681
64000,115,22,25,28995.3275984157
64000,116,22,25,29273.6811167916
64000,117,22,25,29544.1640914493
64000,118,22,25,29840.6596478123
64000,119,22,25,30121.6588541059
64000,120,22,25,30389.4709734555
64000,121,22,25,30698.927198466
64000,122,22,25,30981.416683555
64000,123,22,25,31237.4191039953
64000,124,22,25,31387.9315010834
64000,125,22,25,31485.5608768945
64000,126,22,25,31609.1656606617
64000,127,22,25,31780.6373772233
64000,128,22,25,31927.9107937526
64000,129,22,25,32004.4929305663
64000,130,22,25,32136.9445417124
64000,131,22,25,32511.605340392
64000,132,22,25,32589.6948828921
64000,133,22,25,32664.0229370142
64000,134,22,25,32748.3886767196
64000,135,22,25,32816.7446825179
64000,136,22,25,32866.654221725
64000,137,22,25,32983.3451490363
64000,138,22,25,33158.712784397
64000,139,22,25,33232.3636186786
64000,140,22,25,33338.5450604768
64000,141,22,25,33490.3413637743
64000,142,22,25,33633.1422835399
64000,143,22,25,33755.5558434687
64000,144,22,25,33901.2534023415
64000,145,22,25,33994.6340317105
64000,146,22,25,34150.6291486741
64000,147,22,25,34265.2083712678
64000,148,22,25,34400.9281851359
64000,149,22,25,34530.5006653127
64000,150,22,25,34668.5553494318
64000,151,22,25,34756.6935685598
64000,152,22,25,34906.1452949553
64000,153,22,25,35045.152212886
64000,154,22,25,35207.1406918451
64000,155,22,25,35286.6922286808
64000,156,22,25,35399.2655620033
64000,157,22,25,35552.6336539511
64000,158,22,25,35667.851092023
64000,159,22,25,35764.9855732194
64000,160,22,25,35873.253862826
64000,161,22,25,36018.8391577375
64000,162,22,25,36176.2968191259
64000,163,22,25,36323.8945848994
64000,164,22,25,36466.3064329124
64000,165,22,25,36573.0788024268
64000,166,22,25,36954.8454019674
64000,167,22,25,37055.903275925
64000,168,22,25,37416.3103703185
64000,169,22,25,37754.3474955451
64000,170,22,25,38070.0946965283
64000,171,22,25,38412.1462707901
64000,172,22,25,38583.4488957251
64000,173,22,25,38751.7218532243
64000,174,22,25,38935.627269261
64000,175,22,25,39083.7621089593
64000,176,22,25,39397.6491184311
64000,177,22,25,39645.3579357866
64000,178,22,25,39921.1452453642
64000,179,22,25,40215.8868968415
64000,180,22,25,40364.7394097586
64000,181,22,25,40529.2835457985
64000,182,22,25,40813.7714387813
64000,183,22,25,41007.4469924724
64000,184,22,25,41216.8708203967
64000,185,22,25,41412.8189415692
64000,186,22,25,41585.8324050122
64000,187,22,25,41777.721231754
64000,188,22,25,41975.0479231241
64000,189,22,25,42189.5303203617
64000,190,22,25,42436.1394013812
64000,191,22,25,42564.5408486433
64000,192,22,25,42805.5749148028
64000,193,22,25,42872.2387484995
64000,194,22,25,42986.7962742489
64000,195,22,25,43090.8892850762
64000,196,22,25,43335.4835044103
64000,197,22,25,43457.6315954405
64000,198,22,25,43570.0661784225
64000,199,22,25,43701.7415779382
64000,200,22,25,43785.7424627312
64000,201,22,25,43986.2638548385
64000,202,22,25,44075.0448444102
64000,203,22,25,45238.581021235
64000,204,22,25,45333.1187744047
64000,205,22,25,45429.1082829659
64000,206,22,25,45528.7109912386
64000,207,22,25,45696.8716873986
64000,208,22,25,45864.9777130396
64000,209,22,25,46054.1999831912
64000,210,22,25,46237.5018841381
